series_id,activity
0,walk
1,walk
2,walk
3,walk
4,walk
5,walk
6,walk
7,walk
8,walk
9,walk
10,walk
11,walk
12,walk
13,walk
14,walk
15,walk
16,walk
17,walk
18,walk
19,walk
20,walk
21,walk
22,walk
23,walk
24,walk
25,walk
26,walk
27,walk
28,walk
29,walk
30,walk
31,walk
32,walk
33,walk
34,walk
35,walk
36,walk
37,walk
38,walk
39,walk
40,walk
41,walk
42,walk
43,walk
44,walk
45,walk
46,walk
47,walk
48,walk
49,walk
50,walk
51,walk
52,walk
53,walk
54,walk
55,walk
56,walk
57,walk
58,walk
59,walk
60,walk
61,walk
62,walk
63,walk
64,walk
65,walk
66,walk
67,walk
68,walk
69,walk
70,walk
71,walk
72,walk
73,walk
74,walk
75,walk
76,walk
77,walk
78,walk
79,walk
80,walk
81,walk
82,walk
83,walk
84,walk
85,walk
86,walk
87,walk
88,walk
89,walk
90,walk
91,walk
92,walk
93,walk
94,walk
95,walk
96,walk
97,walk
98,walk
99,walk
100,walk
101,walk
102,walk
103,walk
104,walk
105,walk
106,walk
107,walk
108,walk
109,walk
110,walk
111,walk
112,walk
113,walk
114,walk
115,walk
116,walk
117,walk
118,walk
119,walk
120,walk
121,walk
122,walk
123,walk
124,walk
125,walk
126,walk
127,walk
128,walk
129,walk
130,walk
131,walk
132,walk
133,walk
134,walk
135,walk
136,walk
137,walk
138,walk
139,walk
140,walk
141,walk
142,walk
143,walk
144,walk
145,walk
146,walk
147,walk
148,walk
149,walk
150,walk
151,walk
152,walk
153,walk
154,walk
155,walk
156,walk
157,walk
158,walk
159,walk
160,walk
161,walk
162,walk
163,walk
164,walk
165,walk
166,walk
167,walk
168,walk
169,walk
170,walk
171,walk
172,walk
173,walk
174,walk
175,walk
176,walk
177,walk
178,walk
179,walk
180,walk
181,walk
182,walk
183,walk
184,walk
185,walk
186,walk
187,walk
188,walk
189,walk
190,walk
191,walk
192,walk
193,walk
194,walk
195,walk
196,walk
197,walk
198,walk
199,walk
200,walk
201,walk
202,walk
203,walk
204,walk
205,walk
206,walk
207,walk
208,walk
209,walk
210,walk
211,walk
212,walk
213,walk
214,walk
215,walk
216,walk
217,walk
218,walk
219,walk
220,walk
221,walk
222,walk
223,walk
224,walk
225,walk
226,walk
227,walk
228,walk
229,walk
230,walk
231,walk
232,walk
233,walk
234,walk
235,walk
236,walk
237,walk
238,walk
239,walk
240,walk
241,walk
242,walk
243,walk
244,walk
245,walk
246,walk
247,walk
248,walk
249,walk
250,walk
251,walk
252,walk
253,walk
254,walk
255,walk
256,walk
257,walk
258,walk
259,walk
260,walk
261,walk
262,walk
263,walk
264,walk
265,walk
266,walk
267,walk
268,walk
269,walk
270,walk
271,walk
272,walk
273,walk
274,walk
275,walk
276,walk
277,walk
278,walk
279,walk
280,walk
281,walk
282,walk
283,walk
284,walk
285,walk
286,walk
287,walk
288,walk
289,walk
290,walk
291,walk
292,walk
293,walk
294,walk
295,walk
296,walk
297,walk
298,walk
299,walk
300,walk
301,walk
302,walk
303,walk
304,walk
305,walk
306,walk
307,walk
308,walk
309,walk
310,walk
311,walk
312,walk
313,walk
314,walk
315,walk
316,walk
317,walk
318,walk
319,walk
320,walk
321,walk
322,walk
323,walk
324,walk
325,walk
326,walk
327,walk
328,walk
329,walk
330,walk
331,walk
332,walk
333,walk
334,walk
335,walk
336,walk
337,walk
338,walk
339,walk
340,walk
341,walk
342,walk
343,walk
344,walk
345,walk
346,walk
347,walk
348,walk
349,walk
350,walk
351,walk
352,walk
353,walk
354,walk
355,walk
356,walk
357,walk
358,walk
359,walk
360,walk
361,walk
362,walk
363,walk
364,walk
365,walk
366,walk
367,walk
368,walk
369,walk
370,walk
371,walk
372,walk
373,walk
374,walk
375,walk
376,walk
377,walk
378,walk
379,walk
380,walk
381,walk
382,walk
383,walk
384,walk
385,walk
386,walk
387,walk
388,walk
389,walk
390,walk
391,walk
392,walk
393,walk
394,walk
395,walk
396,walk
397,walk
398,walk
399,walk
400,walk
401,walk
402,walk
403,walk
404,walk
405,walk
406,walk
407,walk
408,walk
409,walk
410,walk
411,walk
412,walk
413,walk
414,walk
415,walk
416,walk
417,walk
418,walk
419,walk
420,walk
421,walk
422,walk
423,walk
424,walk
425,walk
426,walk
427,walk
428,walk
429,walk
430,walk
431,walk
432,walk
433,walk
434,walk
435,walk
436,walk
437,walk
438,walk
439,walk
440,walk
441,walk
442,walk
443,walk
444,walk
445,walk
446,walk
447,walk
448,walk
449,walk
450,walk
451,walk
452,walk
453,walk
454,walk
455,walk
456,walk
457,walk
458,walk
459,walk
460,walk
461,walk
462,walk
463,walk
464,walk
465,walk
466,walk
467,walk
468,walk
469,walk
470,walk
471,walk
472,walk
473,walk
474,walk
475,walk
476,walk
477,walk
478,walk
479,walk
480,walk
481,walk
482,walk
483,walk
484,walk
485,walk
486,walk
487,walk
488,walk
489,walk
490,walk
491,walk
492,walk
493,walk
494,walk
495,walk
496,walk
497,walk
498,walk
499,walk
500,walk
501,walk
502,walk
503,walk
504,walk
505,walk
506,walk
507,walk
508,walk
509,walk
510,walk
511,walk
512,walk
513,walk
514,walk
515,walk
516,walk
517,walk
518,walk
519,walk
520,walk
521,walk
522,walk
523,walk
524,walk
525,walk
526,walk
527,walk
528,walk
529,walk
530,walk
531,walk
532,walk
533,walk
534,walk
535,walk
536,walk
537,walk
538,walk
539,walk
540,walk
541,walk
542,walk
543,walk
544,walk
545,walk
546,walk
547,walk
548,walk
549,walk
550,walk
551,walk
552,walk
553,walk
554,walk
555,walk
556,walk
557,walk
558,walk
559,walk
560,walk
561,walk
562,walk
563,walk
564,walk
565,walk
566,walk
567,walk
568,walk
569,walk
570,walk
571,walk
572,walk
573,walk
574,walk
575,walk
576,walk
577,walk
578,walk
579,walk
580,walk
581,walk
582,walk
583,walk
584,walk
585,walk
586,walk
587,walk
588,walk
589,walk
590,walk
591,walk
592,walk
593,walk
594,walk
595,walk
596,walk
597,walk
598,walk
599,walk
600,walk
601,walk
602,walk
603,walk
604,walk
605,walk
606,walk
607,walk
608,walk
609,walk
610,walk
611,walk
612,walk
613,walk
614,walk
615,walk
616,walk
617,walk
618,walk
619,walk
620,walk
621,walk
622,walk
623,walk
624,walk
625,walk
626,walk
627,walk
628,walk
629,walk
630,walk
631,walk
632,walk
633,walk
634,walk
635,walk
636,walk
637,walk
638,walk
639,walk
640,walk
641,walk
642,walk
643,walk
644,walk
645,walk
646,walk
647,walk
648,walk
649,walk
650,walk
651,walk
652,walk
653,walk
654,walk
655,walk
656,walk
657,walk
658,walk
659,walk
660,walk
661,walk
662,walk
663,walk
664,walk
665,walk
666,walk
667,walk
668,walk
669,walk
670,walk
671,walk
672,walk
673,walk
674,walk
675,walk
676,walk
677,walk
678,walk
679,walk
680,walk
681,walk
682,walk
683,walk
684,walk
685,walk
686,walk
687,walk
688,walk
689,walk
690,walk
691,walk
692,walk
693,walk
694,walk
695,walk
696,walk
697,walk
698,walk
699,walk
700,walk
701,walk
702,walk
703,walk
704,walk
705,walk
706,walk
707,walk
708,walk
709,walk
710,walk
711,walk
712,walk
713,walk
714,walk
715,walk
716,walk
717,walk
718,walk
719,walk
720,walk
721,walk
722,walk
723,walk
724,walk
725,walk
726,walk
727,walk
728,walk
729,walk
730,walk
731,walk
732,walk
733,walk
734,walk
735,walk
736,walk
737,walk
738,walk
739,walk
740,walk
741,walk
742,walk
743,walk
744,walk
745,walk
746,walk
747,walk
748,walk
749,walk
750,walk
751,walk
752,walk
753,walk
754,walk
755,walk
756,walk
757,walk
758,walk
759,walk
760,walk
761,walk
762,walk
763,walk
764,walk
765,walk
766,walk
767,walk
768,walk
769,walk
770,walk
771,walk
772,walk
773,walk
774,walk
775,walk
776,walk
777,walk
778,walk
779,walk
780,walk
781,walk
782,walk
783,walk
784,walk
785,walk
786,walk
787,walk
788,walk
789,walk
790,walk
791,walk
792,walk
793,walk
794,walk
795,walk
796,walk
797,walk
798,walk
799,walk
800,walk
801,walk
802,walk
803,walk
804,walk
805,walk
806,walk
807,walk
808,walk
809,walk
810,walk
811,walk
812,walk
813,walk
814,walk
815,walk
816,walk
817,walk
818,walk
819,walk
820,walk
821,walk
822,walk
823,walk
824,walk
825,walk
826,walk
827,walk
828,walk
829,walk
830,walk
831,walk
832,walk
833,walk
834,walk
835,walk
836,walk
837,walk
838,walk
839,walk
840,walk
841,walk
842,walk
843,walk
844,walk
845,walk
846,walk
847,walk
848,walk
849,walk
850,walk
851,walk
852,walk
853,walk
854,walk
855,walk
856,walk
857,walk
858,walk
859,walk
860,walk
861,walk
862,walk
863,walk
864,walk
865,walk
866,walk
867,walk
868,walk
869,walk
870,walk
871,walk
872,walk
873,walk
874,walk
875,walk
876,walk
877,walk
878,walk
879,walk
880,walk
881,walk
882,walk
883,walk
884,walk
885,walk
886,walk
887,walk
888,walk
889,walk
890,walk
891,walk
892,walk
893,walk
894,walk
895,walk
896,walk
897,walk
898,walk
899,walk
900,walk
901,walk
902,walk
903,walk
904,walk
905,walk
906,walk
907,walk
908,walk
909,walk
910,walk
911,walk
912,walk
913,walk
914,walk
915,walk
916,walk
917,walk
918,walk
919,walk
920,walk
921,walk
922,walk
923,walk
924,walk
925,walk
926,walk
927,walk
928,walk
929,walk
930,walk
931,walk
932,walk
933,walk
934,walk
935,walk
936,walk
937,walk
938,walk
939,walk
940,walk
941,walk
942,walk
943,walk
944,walk
945,walk
946,walk
947,walk
948,walk
949,walk
950,walk
951,walk
952,walk
953,walk
954,walk
955,walk
956,walk
957,walk
958,walk
959,walk
960,walk
961,walk
962,walk
963,walk
964,walk
965,walk
966,walk
967,walk
968,walk
969,walk
970,walk
971,walk
972,walk
973,walk
974,walk
975,walk
976,walk
977,walk
978,walk
979,walk
980,walk
981,walk
982,walk
983,walk
984,walk
985,walk
986,walk
987,walk
988,walk
989,walk
990,walk
991,walk
992,walk
993,walk
994,walk
995,walk
996,walk
997,walk
998,walk
999,walk
1000,walk
1001,walk
1002,walk
1003,walk
1004,walk
1005,walk
1006,walk
1007,walk
1008,walk
1009,walk
1010,walk
1011,walk
1012,walk
1013,walk
1014,walk
1015,walk
1016,walk
1017,walk
1018,walk
1019,walk
1020,walk
1021,walk
1022,walk
1023,walk
1024,walk
1025,walk
1026,walk
1027,walk
1028,walk
1029,walk
1030,walk
1031,walk
1032,walk
1033,walk
1034,walk
1035,walk
1036,walk
1037,walk
1038,walk
1039,walk
1040,walk
1041,walk
1042,walk
1043,walk
1044,walk
1045,walk
1046,walk
1047,walk
1048,walk
1049,walk
1050,walk
1051,walk
1052,walk
1053,walk
1054,walk
1055,walk
1056,walk
1057,walk
1058,walk
1059,walk
1060,walk
1061,walk
1062,walk
1063,walk
1064,walk
1065,walk
1066,walk
1067,walk
1068,walk
1069,walk
1070,walk
1071,walk
1072,walk
1073,walk
1074,walk
1075,walk
1076,walk
1077,walk
1078,walk
1079,walk
1080,walk
1081,walk
1082,walk
1083,walk
1084,walk
1085,walk
1086,walk
1087,walk
1088,walk
1089,walk
1090,walk
1091,walk
1092,walk
1093,walk
1094,walk
1095,walk
1096,walk
1097,walk
1098,walk
1099,walk
1100,walk
1101,walk
1102,walk
1103,walk
1104,walk
1105,walk
1106,walk
1107,walk
1108,walk
1109,walk
1110,walk
1111,walk
1112,walk
1113,walk
1114,walk
1115,walk
1116,walk
1117,walk
1118,walk
1119,walk
1120,walk
1121,walk
1122,walk
1123,walk
1124,walk
1125,walk
1126,walk
1127,walk
1128,walk
1129,walk
1130,walk
1131,walk
1132,walk
1133,walk
1134,walk
1135,walk
1136,walk
1137,walk
1138,walk
1139,walk
1140,walk
1141,walk
1142,walk
1143,walk
1144,walk
1145,walk
1146,walk
1147,walk
1148,walk
1149,walk
1150,walk
1151,walk
1152,walk
1153,walk
1154,walk
1155,walk
1156,walk
1157,walk
1158,walk
1159,walk
1160,walk
1161,walk
1162,walk
1163,walk
1164,walk
1165,walk
1166,walk
1167,walk
1168,walk
1169,walk
1170,walk
1171,walk
1172,walk
1173,walk
1174,walk
1175,walk
1176,walk
1177,walk
1178,walk
1179,walk
1180,walk
1181,walk
1182,walk
1183,walk
1184,walk
1185,walk
1186,walk
1187,walk
1188,walk
1189,walk
1190,walk
1191,walk
1192,walk
1193,walk
1194,walk
1195,walk
1196,walk
1197,walk
1198,walk
1199,walk
1200,walk
1201,walk
1202,walk
1203,walk
1204,walk
1205,walk
1206,walk
1207,walk
1208,walk
1209,walk
1210,walk
1211,walk
1212,walk
1213,walk
1214,walk
1215,walk
1216,walk
1217,walk
1218,walk
1219,walk
1220,walk
1221,walk
1222,walk
1223,walk
1224,walk
1225,walk
1226,walk
1227,walk
1228,walk
1229,walk
1230,walk
1231,walk
1232,walk
1233,walk
1234,walk
1235,walk
1236,walk
1237,walk
1238,walk
1239,walk
1240,walk
1241,walk
1242,walk
1243,walk
1244,walk
1245,walk
1246,walk
1247,walk
1248,walk
1249,walk
1250,walk
1251,walk
1252,walk
1253,walk
1254,walk
1255,walk
1256,walk
1257,walk
1258,walk
1259,walk
1260,walk
1261,walk
1262,walk
1263,walk
1264,walk
1265,walk
1266,walk
1267,walk
1268,walk
1269,walk
1270,walk
1271,walk
1272,walk
1273,walk
1274,walk
1275,walk
1276,walk
1277,walk
1278,walk
1279,walk
1280,walk
1281,walk
1282,walk
1283,walk
1284,walk
1285,walk
1286,walk
1287,walk
1288,walk
1289,walk
1290,walk
1291,walk
1292,walk
1293,walk
1294,walk
1295,walk
1296,walk
1297,walk
1298,walk
1299,walk
1300,walk
1301,walk
1302,walk
1303,walk
1304,walk
1305,walk
1306,walk
1307,walk
1308,walk
1309,walk
1310,walk
1311,walk
1312,walk
1313,walk
1314,walk
1315,walk
1316,walk
1317,walk
1318,walk
1319,walk
1320,walk
1321,walk
1322,walk
1323,walk
1324,walk
1325,walk
1326,walk
1327,walk
1328,walk
1329,walk
1330,walk
1331,walk
1332,walk
1333,walk
1334,walk
1335,walk
1336,walk
1337,walk
1338,walk
1339,walk
1340,walk
1341,walk
1342,walk
1343,walk
1344,walk
1345,walk
1346,walk
1347,walk
1348,walk
1349,walk
1350,walk
1351,walk
1352,walk
1353,walk
1354,walk
1355,walk
1356,walk
1357,walk
1358,walk
1359,walk
1360,walk
1361,walk
1362,walk
1363,walk
1364,walk
1365,walk
1366,walk
1367,walk
1368,walk
1369,walk
1370,walk
1371,walk
1372,walk
1373,walk
1374,walk
1375,walk
1376,walk
1377,walk
1378,walk
1379,walk
1380,walk
1381,walk
1382,walk
1383,walk
1384,walk
1385,walk
1386,walk
1387,walk
1388,walk
1389,walk
1390,walk
1391,walk
1392,walk
1393,walk
1394,walk
1395,walk
1396,walk
1397,walk
1398,walk
1399,walk
1400,walk
1401,walk
1402,walk
1403,walk
1404,walk
1405,walk
1406,walk
1407,walk
1408,walk
1409,walk
1410,walk
1411,walk
1412,walk
1413,walk
1414,walk
1415,walk
1416,walk
1417,walk
1418,walk
1419,walk
1420,walk
1421,walk
1422,walk
1423,walk
1424,walk
1425,walk
1426,walk
1427,walk
1428,walk
1429,walk
1430,walk
1431,walk
1432,walk
1433,walk
1434,walk
1435,walk
1436,walk
1437,walk
1438,walk
1439,walk
1440,walk
1441,walk
1442,walk
1443,walk
1444,walk
1445,walk
1446,walk
1447,walk
1448,walk
1449,walk
1450,walk
1451,walk
1452,walk
1453,walk
1454,walk
1455,walk
1456,walk
1457,walk
1458,walk
1459,walk
1460,walk
1461,walk
1462,walk
1463,walk
1464,walk
1465,walk
1466,walk
1467,walk
1468,walk
1469,walk
1470,walk
1471,walk
1472,walk
1473,walk
1474,walk
1475,walk
1476,walk
1477,walk
1478,walk
1479,walk
1480,walk
1481,walk
1482,walk
1483,walk
1484,walk
1485,walk
1486,walk
1487,walk
1488,walk
1489,walk
1490,walk
1491,walk
1492,walk
1493,walk
1494,walk
1495,walk
1496,walk
1497,walk
1498,walk
1499,walk
1500,walk
1501,walk
1502,walk
1503,walk
1504,walk
1505,walk
1506,walk
1507,walk
1508,walk
1509,walk
1510,walk
1511,walk
1512,walk
1513,walk
1514,walk
1515,walk
1516,walk
1517,walk
1518,walk
1519,walk
1520,walk
1521,walk
1522,walk
1523,walk
1524,walk
1525,walk
1526,walk
1527,walk
1528,walk
1529,walk
1530,walk
1531,walk
1532,walk
1533,walk
1534,walk
1535,walk
1536,walk
1537,walk
1538,walk
1539,walk
1540,walk
1541,walk
1542,walk
1543,walk
1544,walk
1545,walk
1546,walk
1547,walk
1548,walk
1549,walk
1550,walk
1551,walk
1552,walk
1553,walk
1554,walk
1555,walk
1556,walk
1557,walk
1558,walk
1559,walk
1560,walk
1561,walk
1562,walk
1563,walk
1564,walk
1565,walk
1566,walk
1567,walk
1568,walk
1569,walk
1570,walk
1571,walk
1572,walk
1573,walk
1574,walk
1575,walk
1576,walk
1577,walk
1578,walk
1579,walk
1580,walk
1581,walk
1582,walk
1583,walk
1584,walk
1585,walk
1586,walk
1587,walk
1588,walk
1589,walk
1590,walk
1591,walk
1592,walk
1593,walk
1594,walk
1595,walk
1596,walk
1597,walk
1598,walk
1599,walk
1600,walk
1601,walk
1602,walk
1603,walk
1604,walk
1605,walk
1606,walk
1607,walk
1608,walk
1609,walk
1610,walk
1611,walk
1612,walk
1613,walk
1614,walk
1615,walk
1616,walk
1617,walk
1618,walk
1619,walk
1620,walk
1621,walk
1622,walk
1623,walk
1624,walk
1625,walk
1626,walk
1627,walk
1628,walk
1629,walk
1630,walk
1631,walk
1632,walk
1633,walk
1634,walk
1635,walk
1636,walk
1637,walk
1638,walk
1639,walk
1640,walk
1641,walk
1642,walk
1643,walk
1644,walk
1645,walk
1646,walk
1647,walk
1648,walk
1649,walk
1650,walk
1651,walk
1652,walk
1653,walk
1654,walk
1655,walk
1656,walk
1657,walk
1658,walk
1659,walk
1660,walk
1661,walk
1662,walk
1663,walk
1664,walk
1665,walk
1666,walk
1667,walk
1668,walk
1669,walk
1670,walk
1671,walk
1672,walk
1673,walk
1674,walk
1675,walk
1676,walk
1677,walk
1678,walk
1679,walk
1680,walk
1681,walk
1682,walk
1683,walk
1684,walk
1685,walk
1686,walk
1687,walk
1688,walk
1689,walk
1690,walk
1691,walk
1692,walk
1693,walk
1694,walk
1695,walk
1696,walk
1697,walk
1698,walk
1699,walk
1700,walk
1701,walk
1702,walk
1703,walk
1704,walk
1705,walk
1706,walk
1707,walk
1708,walk
1709,walk
1710,walk
1711,walk
1712,walk
1713,walk
1714,walk
1715,walk
1716,walk
1717,walk
1718,walk
1719,walk
1720,walk
1721,walk
1722,walk
1723,walk
1724,walk
1725,walk
1726,walk
1727,walk
1728,walk
1729,walk
1730,walk
1731,walk
1732,walk
1733,walk
1734,walk
1735,walk
1736,walk
1737,walk
1738,walk
1739,walk
1740,walk
1741,walk
1742,walk
1743,walk
1744,walk
1745,walk
1746,walk
1747,walk
1748,walk
1749,walk
1750,walk
1751,walk
1752,walk
1753,walk
1754,walk
1755,walk
1756,walk
1757,walk
1758,walk
1759,walk
1760,walk
1761,walk
1762,walk
1763,walk
1764,walk
1765,walk
1766,walk
1767,walk
1768,walk
1769,walk
1770,walk
1771,walk
1772,walk
1773,walk
1774,walk
1775,walk
1776,walk
1777,walk
1778,walk
1779,walk
1780,walk
1781,walk
1782,walk
1783,walk
1784,walk
1785,walk
1786,walk
1787,walk
1788,walk
1789,walk
1790,walk
1791,walk
1792,walk
1793,walk
1794,walk
1795,walk
1796,walk
1797,walk
1798,walk
1799,walk
1800,walk
1801,walk
1802,walk
1803,walk
1804,walk
1805,walk
1806,walk
1807,walk
1808,walk
1809,walk
1810,walk
1811,walk
1812,walk
1813,walk
1814,walk
1815,walk
1816,walk
1817,walk
1818,walk
1819,walk
1820,walk
1821,walk
1822,walk
1823,walk
1824,walk
1825,walk
1826,walk
1827,walk
1828,walk
1829,walk
1830,walk
1831,walk
1832,walk
1833,walk
1834,walk
1835,walk
1836,walk
1837,walk
1838,walk
1839,walk
1840,walk
1841,walk
1842,walk
1843,walk
1844,walk
1845,walk
1846,walk
1847,walk
1848,walk
1849,walk
1850,walk
1851,walk
1852,walk
1853,walk
1854,walk
1855,walk
1856,walk
1857,walk
1858,walk
1859,walk
1860,walk
1861,walk
1862,walk
1863,walk
1864,walk
1865,walk
1866,walk
1867,walk
1868,walk
1869,walk
1870,walk
1871,walk
1872,walk
1873,walk
1874,walk
1875,walk
1876,walk
1877,walk
1878,walk
1879,walk
1880,walk
1881,walk
1882,walk
1883,walk
1884,walk
1885,walk
1886,walk
1887,walk
1888,walk
1889,walk
1890,walk
1891,walk
1892,walk
1893,walk
1894,walk
1895,walk
1896,walk
1897,walk
1898,walk
1899,walk
1900,walk
1901,walk
1902,walk
1903,walk
1904,walk
1905,walk
1906,walk
1907,walk
1908,walk
1909,walk
1910,walk
1911,walk
1912,walk
1913,walk
1914,walk
1915,walk
1916,walk
1917,walk
1918,walk
1919,walk
1920,walk
1921,walk
1922,walk
1923,walk
1924,walk
1925,walk
1926,walk
1927,walk
1928,walk
1929,walk
1930,walk
1931,walk
1932,walk
1933,walk
1934,walk
1935,walk
1936,walk
1937,walk
1938,walk
1939,walk
1940,walk
1941,walk
1942,walk
1943,walk
1944,walk
1945,walk
1946,walk
1947,walk
1948,walk
1949,walk
1950,walk
1951,walk
1952,walk
1953,walk
1954,walk
1955,walk
1956,walk
1957,walk
1958,walk
1959,walk
1960,walk
1961,walk
1962,walk
1963,walk
1964,walk
1965,walk
1966,walk
1967,walk
1968,walk
1969,walk
1970,walk
1971,walk
1972,walk
1973,walk
1974,walk
1975,walk
1976,walk
1977,walk
1978,walk
1979,walk
1980,walk
1981,walk
1982,walk
1983,walk
1984,walk
1985,walk
1986,walk
1987,walk
1988,walk
1989,walk
1990,walk
1991,walk
1992,walk
1993,walk
1994,walk
1995,walk
1996,walk
1997,walk
1998,walk
1999,walk
2000,walk
2001,walk
2002,walk
2003,walk
2004,walk
2005,walk
2006,walk
2007,walk
2008,walk
2009,walk
2010,walk
2011,walk
2012,walk
2013,walk
2014,walk
2015,walk
2016,walk
2017,walk
2018,walk
2019,walk
2020,walk
2021,walk
2022,walk
2023,walk
2024,walk
2025,walk
2026,walk
2027,walk
2028,walk
2029,walk
2030,walk
2031,walk
2032,walk
2033,walk
2034,walk
2035,walk
2036,walk
2037,walk
2038,walk
2039,walk
2040,walk
2041,walk
2042,walk
2043,walk
2044,walk
2045,walk
2046,walk
2047,walk
2048,walk
2049,walk
2050,walk
2051,walk
2052,walk
2053,walk
2054,walk
2055,walk
2056,walk
2057,walk
2058,walk
2059,walk
2060,walk
2061,walk
2062,walk
2063,walk
2064,walk
2065,walk
2066,walk
2067,walk
2068,walk
2069,walk
2070,walk
2071,walk
2072,walk
2073,walk
2074,walk
2075,walk
2076,walk
2077,walk
2078,walk
2079,walk
2080,walk
2081,walk
2082,walk
2083,walk
2084,walk
2085,walk
2086,walk
2087,walk
2088,walk
2089,walk
2090,walk
2091,walk
2092,walk
2093,walk
2094,walk
2095,walk
2096,walk
2097,walk
2098,walk
2099,walk
2100,walk
2101,walk
2102,walk
2103,walk
2104,walk
2105,walk
2106,walk
2107,walk
2108,walk
2109,walk
2110,walk
2111,walk
2112,walk
2113,walk
2114,walk
2115,walk
2116,walk
2117,walk
2118,walk
2119,walk
2120,walk
2121,walk
2122,walk
2123,walk
2124,walk
2125,walk
2126,walk
2127,walk
2128,walk
2129,walk
2130,walk
2131,walk
2132,walk
2133,walk
2134,walk
2135,walk
2136,walk
2137,walk
2138,walk
2139,walk
2140,walk
2141,walk
2142,walk
2143,walk
2144,walk
2145,walk
2146,walk
2147,walk
2148,walk
2149,walk
2150,walk
2151,walk
2152,walk
2153,walk
2154,walk
2155,walk
2156,walk
2157,walk
2158,walk
2159,walk
2160,walk
2161,walk
2162,walk
2163,walk
2164,walk
2165,walk
2166,walk
2167,walk
2168,walk
2169,walk
2170,walk
2171,walk
2172,walk
2173,walk
2174,walk
2175,walk
2176,walk
2177,walk
2178,walk
2179,walk
2180,walk
2181,walk
2182,walk
2183,walk
2184,walk
2185,walk
2186,walk
2187,walk
2188,walk
2189,walk
2190,walk
2191,walk
2192,walk
2193,walk
2194,walk
2195,walk
2196,walk
2197,walk
2198,walk
2199,walk
2200,walk
2201,walk
2202,walk
2203,walk
2204,walk
2205,walk
2206,walk
2207,walk
2208,walk
2209,walk
2210,walk
2211,walk
2212,walk
2213,walk
2214,walk
2215,walk
2216,walk
2217,walk
2218,walk
2219,walk
2220,walk
2221,walk
2222,walk
2223,walk
2224,walk
2225,walk
2226,walk
2227,walk
2228,walk
2229,walk
2230,walk
2231,walk
2232,walk
2233,walk
2234,walk
2235,walk
2236,walk
2237,walk
2238,walk
2239,walk
2240,walk
2241,walk
2242,walk
2243,walk
2244,walk
2245,walk
2246,walk
2247,walk
2248,walk
2249,walk
2250,walk
2251,walk
2252,walk
2253,walk
2254,walk
2255,walk
2256,walk
2257,walk
2258,walk
2259,walk
2260,walk
2261,walk
2262,walk
2263,walk
2264,walk
2265,walk
2266,walk
2267,walk
2268,walk
2269,walk
2270,walk
2271,walk
2272,walk
2273,walk
2274,walk
2275,walk
2276,walk
2277,walk
2278,walk
2279,walk
2280,walk
2281,walk
2282,walk
2283,walk
2284,walk
2285,walk
2286,walk
2287,walk
2288,walk
2289,walk
2290,walk
2291,walk
2292,walk
2293,walk
2294,walk
2295,walk
2296,walk
2297,walk
2298,walk
2299,walk
2300,walk
2301,walk
2302,walk
2303,walk
2304,walk
2305,walk
2306,walk
2307,walk
2308,walk
2309,walk
2310,walk
2311,walk
2312,walk
2313,walk
2314,walk
2315,walk
2316,walk
2317,walk
2318,walk
2319,walk
2320,walk
2321,walk
2322,walk
2323,walk
2324,walk
2325,walk
2326,walk
2327,walk
2328,walk
2329,walk
2330,walk
2331,walk
2332,walk
2333,walk
2334,walk
2335,walk
2336,walk
2337,walk
2338,walk
2339,walk
2340,walk
2341,walk
2342,walk
2343,walk
2344,walk
2345,walk
2346,walk
2347,walk
2348,walk
2349,walk
2350,walk
2351,walk
2352,walk
2353,walk
2354,walk
2355,walk
2356,walk
2357,walk
2358,walk
2359,walk
2360,walk
2361,walk
2362,walk
2363,walk
2364,walk
2365,walk
2366,walk
2367,walk
2368,walk
2369,walk
2370,walk
2371,walk
2372,walk
2373,walk
2374,walk
2375,walk
2376,walk
2377,walk
2378,walk
2379,walk
2380,walk
2381,walk
2382,walk
2383,walk
2384,walk
2385,walk
2386,walk
2387,walk
2388,walk
2389,walk
2390,walk
2391,walk
2392,walk
2393,walk
2394,walk
2395,walk
2396,walk
2397,walk
2398,walk
2399,walk
2400,walk
2401,walk
2402,walk
2403,walk
2404,walk
2405,walk
2406,walk
2407,walk
2408,walk
2409,walk
2410,walk
2411,walk
2412,walk
2413,walk
2414,walk
2415,walk
2416,walk
2417,walk
2418,walk
2419,walk
2420,walk
2421,walk
2422,walk
2423,walk
2424,walk
2425,walk
2426,walk
2427,walk
2428,walk
2429,walk
2430,walk
2431,walk
2432,walk
2433,walk
2434,walk
2435,walk
2436,walk
2437,walk
2438,walk
2439,walk
2440,walk
2441,walk
2442,walk
2443,walk
2444,walk
2445,walk
2446,walk
2447,walk
2448,walk
2449,walk
2450,walk
2451,walk
2452,walk
2453,walk
2454,walk
2455,walk
2456,walk
2457,walk
2458,walk
2459,walk
2460,walk
2461,walk
2462,walk
2463,walk
2464,walk
2465,walk
2466,walk
2467,walk
2468,walk
2469,walk
2470,walk
2471,walk
2472,walk
2473,walk
2474,walk
2475,walk
2476,walk
2477,walk
2478,walk
2479,walk
2480,walk
2481,walk
2482,walk
2483,walk
2484,walk
2485,walk
2486,walk
2487,walk
2488,walk
2489,walk
2490,walk
2491,walk
2492,walk
2493,walk
2494,walk
2495,walk
2496,walk
2497,walk
2498,walk
2499,walk
2500,walk
2501,walk
2502,walk
2503,walk
2504,walk
2505,walk
2506,walk
2507,walk
2508,walk
2509,walk
2510,walk
2511,walk
2512,walk
2513,walk
2514,walk
2515,walk
2516,walk
2517,walk
2518,walk
2519,walk
2520,walk
2521,walk
2522,walk
2523,walk
2524,walk
2525,walk
2526,walk
2527,walk
2528,walk
2529,walk
2530,walk
2531,walk
2532,walk
2533,walk
2534,walk
2535,walk
2536,walk
2537,walk
2538,walk
2539,walk
2540,walk
2541,walk
2542,walk
2543,walk
2544,walk
2545,walk
2546,walk
2547,walk
2548,walk
2549,walk
2550,walk
2551,walk
2552,walk
2553,walk
2554,walk
2555,walk
2556,walk
2557,walk
2558,walk
2559,walk
2560,walk
2561,walk
2562,walk
2563,walk
2564,walk
2565,walk
2566,walk
2567,walk
2568,walk
2569,walk
2570,walk
2571,walk
2572,walk
2573,walk
2574,walk
2575,walk
2576,walk
2577,walk
2578,walk
2579,walk
2580,walk
2581,walk
2582,walk
2583,walk
2584,walk
2585,walk
2586,walk
2587,walk
2588,walk
2589,walk
2590,walk
2591,walk
2592,walk
2593,walk
2594,walk
2595,walk
2596,walk
2597,walk
2598,walk
2599,walk
2600,walk
2601,walk
2602,walk
2603,walk
2604,walk
2605,walk
2606,walk
2607,walk
2608,walk
2609,walk
2610,walk
2611,walk
2612,walk
2613,walk
2614,walk
2615,walk
2616,walk
2617,walk
2618,walk
2619,walk
2620,walk
2621,walk
2622,walk
2623,walk
2624,walk
2625,walk
2626,walk
2627,walk
2628,walk
2629,walk
2630,walk
2631,walk
2632,walk
2633,walk
2634,walk
2635,walk
2636,walk
2637,walk
2638,walk
2639,walk
2640,walk
2641,walk
2642,walk
2643,walk
2644,walk
2645,walk
2646,walk
2647,walk
2648,walk
2649,walk
2650,walk
2651,walk
2652,walk
2653,walk
2654,walk
2655,walk
2656,walk
2657,walk
2658,walk
2659,walk
2660,walk
2661,walk
2662,walk
2663,walk
2664,walk
2665,walk
2666,walk
2667,walk
2668,walk
2669,walk
2670,walk
2671,walk
2672,walk
2673,walk
2674,walk
2675,walk
2676,walk
2677,walk
2678,walk
2679,walk
2680,walk
2681,walk
2682,walk
2683,walk
2684,walk
2685,walk
2686,walk
2687,walk
2688,walk
2689,walk
2690,walk
2691,walk
2692,walk
2693,walk
2694,walk
2695,walk
2696,walk
2697,walk
2698,walk
2699,walk
2700,walk
2701,walk
2702,walk
2703,walk
2704,walk
2705,walk
2706,walk
2707,walk
2708,walk
2709,walk
2710,walk
2711,walk
2712,walk
2713,walk
2714,walk
2715,walk
2716,walk
2717,walk
2718,walk
2719,walk
2720,walk
2721,walk
2722,walk
2723,walk
2724,walk
2725,walk
2726,walk
2727,walk
2728,walk
2729,walk
2730,walk
2731,walk
2732,walk
2733,walk
2734,walk
2735,walk
2736,walk
2737,walk
2738,walk
2739,walk
2740,walk
2741,walk
2742,walk
2743,walk
2744,walk
2745,walk
2746,walk
2747,walk
2748,walk
2749,walk
2750,walk
2751,walk
2752,walk
2753,walk
2754,walk
2755,walk
2756,walk
2757,walk
2758,walk
2759,walk
2760,walk
2761,walk
2762,walk
2763,walk
2764,walk
2765,walk
2766,walk
2767,walk
2768,walk
2769,walk
2770,walk
2771,walk
2772,walk
2773,walk
2774,walk
2775,walk
2776,walk
2777,walk
2778,walk
2779,walk
2780,walk
2781,walk
2782,walk
2783,walk
2784,walk
2785,walk
2786,walk
2787,walk
2788,walk
2789,walk
2790,walk
2791,walk
2792,walk
2793,walk
2794,walk
2795,walk
2796,walk
2797,walk
2798,walk
2799,walk
2800,walk
2801,walk
2802,walk
2803,walk
2804,walk
2805,walk
2806,walk
2807,walk
2808,walk
2809,walk
2810,walk
2811,walk
2812,walk
2813,walk
2814,walk
2815,walk
2816,walk
2817,walk
2818,walk
2819,walk
2820,walk
2821,walk
2822,walk
2823,walk
2824,walk
2825,walk
2826,walk
2827,walk
2828,walk
2829,walk
2830,walk
2831,walk
2832,walk
2833,walk
2834,walk
2835,walk
2836,walk
2837,walk
2838,walk
2839,walk
2840,walk
2841,walk
2842,walk
2843,walk
2844,walk
2845,walk
2846,walk
2847,walk
2848,walk
2849,walk
2850,walk
2851,walk
2852,walk
2853,walk
2854,walk
2855,walk
2856,walk
2857,walk
2858,walk
2859,walk
2860,walk
2861,walk
2862,walk
2863,walk
2864,walk
2865,walk
2866,walk
2867,walk
2868,walk
2869,walk
2870,walk
2871,walk
2872,walk
2873,walk
2874,walk
2875,walk
2876,walk
2877,walk
2878,walk
2879,walk
2880,walk
2881,walk
2882,walk
2883,walk
2884,walk
2885,walk
2886,walk
2887,walk
2888,walk
2889,walk
2890,walk
2891,walk
2892,walk
2893,walk
2894,walk
2895,walk
2896,walk
2897,walk
2898,walk
2899,walk
2900,walk
2901,walk
2902,walk
2903,walk
2904,walk
2905,walk
2906,walk
2907,walk
2908,walk
2909,walk
2910,walk
2911,walk
2912,walk
2913,walk
2914,walk
2915,walk
2916,walk
2917,walk
2918,walk
2919,walk
2920,walk
2921,walk
2922,walk
2923,walk
2924,walk
2925,walk
2926,walk
2927,walk
2928,walk
2929,walk
2930,walk
2931,walk
2932,walk
2933,walk
2934,walk
2935,walk
2936,walk
2937,walk
2938,walk
2939,walk
2940,walk
2941,walk
2942,walk
2943,walk
2944,walk
2945,walk
2946,walk
2947,walk
2948,walk
2949,walk
2950,walk
2951,walk
2952,walk
2953,walk
2954,walk
2955,walk
2956,walk
2957,walk
2958,walk
2959,walk
2960,walk
2961,walk
2962,walk
2963,walk
2964,walk
2965,walk
2966,walk
2967,walk
2968,walk
2969,walk
2970,walk
2971,walk
2972,walk
2973,walk
2974,walk
2975,walk
2976,walk
2977,walk
2978,walk
2979,walk
2980,walk
2981,walk
2982,walk
2983,walk
2984,walk
2985,walk
2986,walk
2987,walk
2988,walk
2989,walk
2990,walk
2991,walk
2992,walk
2993,walk
2994,walk
2995,walk
2996,walk
2997,walk
2998,walk
2999,walk
3000,walk
3001,walk
3002,walk
3003,walk
3004,walk
3005,walk
3006,walk
3007,walk
3008,walk
3009,walk
3010,walk
3011,walk
3012,walk
3013,walk
3014,walk
3015,walk
3016,walk
3017,walk
3018,walk
3019,walk
3020,walk
3021,walk
3022,walk
3023,walk
3024,walk
3025,walk
3026,walk
3027,walk
3028,walk
3029,walk
3030,walk
3031,walk
3032,walk
3033,walk
3034,walk
3035,walk
3036,walk
3037,walk
3038,walk
3039,walk
3040,walk
3041,walk
3042,walk
3043,walk
3044,walk
3045,walk
3046,walk
3047,walk
3048,walk
3049,walk
3050,walk
3051,walk
3052,walk
3053,walk
3054,walk
3055,walk
3056,walk
3057,walk
3058,walk
3059,walk
3060,walk
3061,walk
3062,walk
3063,walk
3064,walk
3065,walk
3066,walk
3067,walk
3068,walk
3069,walk
3070,walk
3071,walk
3072,walk
3073,walk
3074,walk
3075,walk
3076,walk
3077,walk
3078,walk
3079,walk
3080,walk
3081,walk
3082,walk
3083,walk
3084,walk
3085,walk
3086,walk
3087,walk
3088,walk
3089,walk
3090,walk
3091,walk
3092,walk
3093,walk
3094,walk
3095,walk
3096,walk
3097,walk
3098,walk
3099,walk
3100,walk
3101,walk
3102,walk
3103,walk
3104,walk
3105,walk
3106,walk
3107,walk
3108,walk
3109,walk
3110,walk
3111,walk
3112,walk
3113,walk
3114,walk
3115,walk
3116,walk
3117,walk
3118,walk
3119,walk
3120,walk
3121,walk
3122,walk
3123,walk
3124,walk
3125,walk
3126,walk
3127,walk
3128,walk
3129,walk
3130,walk
3131,walk
3132,walk
3133,walk
3134,walk
3135,walk
3136,walk
3137,walk
3138,walk
3139,walk
3140,walk
3141,walk
3142,walk
3143,walk
3144,walk
3145,walk
3146,walk
3147,walk
3148,walk
3149,walk
3150,walk
3151,walk
3152,walk
3153,walk
3154,walk
3155,walk
3156,walk
3157,walk
3158,walk
3159,walk
3160,walk
3161,walk
3162,walk
3163,walk
3164,walk
3165,walk
3166,walk
3167,walk
3168,walk
3169,walk
3170,walk
3171,walk
3172,walk
3173,walk
3174,walk
3175,walk
3176,walk
3177,walk
3178,walk
3179,walk
3180,walk
3181,walk
3182,walk
3183,walk
3184,walk
3185,walk
3186,walk
3187,walk
3188,walk
3189,walk
3190,walk
3191,walk
3192,walk
3193,walk
3194,walk
3195,walk
3196,walk
3197,walk
3198,walk
3199,walk
3200,walk
3201,walk
3202,walk
3203,walk
3204,walk
3205,walk
3206,walk
3207,walk
3208,walk
3209,walk
3210,walk
3211,walk
3212,walk
3213,walk
3214,walk
3215,walk
3216,walk
3217,walk
3218,walk
3219,walk
3220,walk
3221,walk
3222,walk
3223,walk
3224,walk
3225,walk
3226,walk
3227,walk
3228,walk
3229,walk
3230,walk
3231,walk
3232,walk
3233,walk
3234,walk
3235,walk
3236,walk
3237,walk
3238,walk
3239,walk
3240,walk
3241,walk
3242,walk
3243,walk
3244,walk
3245,walk
3246,walk
3247,walk
3248,walk
3249,walk
3250,walk
3251,walk
3252,walk
3253,walk
3254,walk
3255,walk
3256,walk
3257,walk
3258,walk
3259,walk
3260,walk
3261,walk
3262,walk
3263,walk
3264,walk
3265,walk
3266,walk
3267,walk
3268,walk
3269,walk
3270,walk
3271,walk
3272,walk
3273,walk
3274,walk
3275,walk
3276,walk
3277,walk
3278,walk
3279,walk
3280,walk
3281,walk
3282,walk
3283,walk
3284,walk
3285,walk
3286,walk
3287,walk
3288,walk
3289,walk
3290,walk
3291,walk
3292,walk
3293,walk
3294,walk
3295,walk
3296,walk
3297,walk
3298,walk
3299,walk
3300,walk
3301,walk
3302,walk
3303,walk
3304,walk
3305,walk
3306,walk
3307,walk
3308,walk
3309,walk
3310,walk
3311,walk
3312,walk
3313,walk
3314,walk
3315,walk
3316,walk
3317,walk
3318,walk
3319,walk
3320,walk
3321,walk
3322,walk
3323,walk
3324,walk
3325,walk
3326,walk
3327,walk
3328,walk
3329,walk
3330,walk
3331,walk
3332,walk
3333,walk
3334,walk
3335,walk
3336,walk
3337,walk
3338,walk
3339,walk
3340,walk
3341,walk
3342,walk
3343,walk
3344,walk
3345,walk
3346,walk
3347,walk
3348,walk
3349,walk
3350,walk
3351,walk
3352,walk
3353,walk
3354,walk
3355,walk
3356,walk
3357,walk
3358,walk
3359,walk
3360,walk
3361,walk
3362,walk
3363,walk
3364,walk
3365,walk
3366,walk
3367,walk
3368,walk
3369,walk
3370,walk
3371,walk
3372,walk
3373,walk
3374,walk
3375,walk
3376,walk
3377,walk
3378,walk
3379,walk
3380,walk
3381,walk
3382,walk
3383,walk
3384,walk
3385,walk
3386,walk
3387,walk
3388,walk
3389,walk
3390,walk
3391,walk
3392,walk
3393,walk
3394,walk
3395,walk
3396,walk
3397,walk
3398,walk
3399,walk
3400,walk
3401,walk
3402,walk
3403,walk
3404,walk
3405,walk
3406,walk
3407,walk
3408,walk
3409,walk
3410,walk
3411,walk
3412,walk
3413,walk
3414,walk
3415,walk
3416,walk
3417,walk
3418,walk
3419,walk
3420,walk
3421,walk
3422,walk
3423,walk
3424,walk
3425,walk
3426,walk
3427,walk
3428,walk
3429,walk
3430,walk
3431,walk
3432,walk
3433,walk
3434,walk
3435,walk
3436,walk
3437,walk
3438,walk
3439,walk
3440,walk
3441,walk
3442,walk
3443,walk
3444,walk
3445,walk
3446,walk
3447,walk
3448,walk
3449,walk
3450,walk
3451,walk
3452,walk
3453,walk
3454,walk
3455,walk
3456,walk
3457,walk
3458,walk
3459,walk
3460,walk
3461,walk
3462,walk
3463,walk
3464,walk
3465,walk
3466,walk
3467,walk
3468,walk
3469,walk
3470,walk
3471,walk
3472,walk
3473,walk
3474,walk
3475,walk
3476,walk
3477,walk
3478,walk
3479,walk
3480,walk
3481,walk
3482,walk
3483,walk
3484,walk
3485,walk
3486,walk
3487,walk
3488,walk
3489,walk
3490,walk
3491,walk
3492,walk
3493,walk
3494,walk
3495,walk
3496,walk
3497,walk
3498,walk
3499,walk
3500,walk
3501,walk
3502,walk
3503,walk
3504,walk
3505,walk
3506,walk
3507,walk
3508,walk
3509,walk
3510,walk
3511,walk
3512,walk
3513,walk
3514,walk
3515,walk
3516,walk
3517,walk
3518,walk
3519,walk
3520,walk
3521,walk
3522,walk
3523,walk
3524,walk
3525,walk
3526,walk
3527,walk
3528,walk
3529,walk
3530,walk
3531,walk
3532,walk
3533,walk
3534,walk
3535,walk
3536,walk
3537,walk
3538,walk
3539,walk
3540,walk
3541,walk
3542,walk
3543,walk
3544,walk
3545,walk
3546,walk
3547,walk
3548,walk
3549,walk
3550,walk
3551,walk
3552,walk
3553,walk
3554,walk
3555,walk
3556,walk
3557,walk
3558,walk
3559,walk
3560,walk
3561,walk
3562,walk
3563,walk
3564,walk
3565,walk
3566,walk
3567,walk
3568,walk
3569,walk
3570,walk
3571,walk
3572,walk
3573,walk
3574,walk
3575,walk
3576,walk
3577,walk
3578,walk
3579,walk
3580,walk
3581,walk
3582,walk
3583,walk
3584,walk
3585,walk
3586,walk
3587,walk
3588,walk
3589,walk
3590,walk
3591,walk
3592,walk
3593,walk
3594,walk
3595,walk
3596,walk
3597,walk
3598,walk
3599,walk
3600,walk
3601,walk
3602,walk
3603,walk
3604,walk
3605,walk
3606,walk
3607,walk
3608,walk
3609,walk
3610,walk
3611,walk
3612,walk
3613,walk
3614,walk
3615,walk
3616,walk
3617,walk
3618,walk
3619,walk
3620,walk
3621,walk
3622,walk
3623,walk
3624,walk
3625,walk
3626,walk
3627,walk
3628,walk
3629,walk
3630,walk
3631,walk
3632,walk
3633,walk
3634,walk
3635,walk
3636,walk
3637,walk
3638,walk
3639,walk
3640,walk
3641,walk
3642,walk
3643,walk
3644,walk
3645,walk
3646,walk
3647,walk
3648,walk
3649,walk
3650,walk
3651,walk
3652,walk
3653,walk
3654,walk
3655,walk
3656,walk
3657,walk
3658,walk
3659,walk
3660,walk
3661,walk
3662,walk
3663,walk
3664,walk
3665,walk
3666,walk
3667,walk
3668,walk
3669,walk
3670,walk
3671,walk
3672,walk
3673,walk
3674,walk
3675,walk
3676,walk
3677,walk
3678,walk
3679,walk
3680,walk
3681,walk
3682,walk
3683,walk
3684,walk
3685,walk
3686,walk
3687,walk
3688,walk
3689,walk
3690,walk
3691,walk
3692,walk
3693,walk
3694,walk
3695,walk
3696,walk
3697,walk
3698,walk
3699,walk
3700,walk
3701,walk
3702,walk
3703,walk
3704,walk
3705,walk
3706,walk
3707,walk
3708,walk
3709,walk
3710,walk
3711,walk
3712,walk
3713,walk
3714,walk
3715,walk
3716,walk
3717,walk
3718,walk
3719,walk
3720,walk
3721,walk
3722,walk
3723,walk
3724,walk
3725,walk
3726,walk
3727,walk
3728,walk
3729,walk
3730,walk
3731,walk
3732,walk
3733,walk
3734,walk
3735,walk
3736,walk
3737,walk
3738,walk
3739,walk
3740,walk
3741,walk
3742,walk
3743,walk
3744,walk
3745,walk
3746,walk
3747,walk
3748,walk
3749,walk
3750,walk
3751,walk
3752,walk
3753,walk
3754,walk
3755,walk
3756,walk
3757,walk
3758,walk
3759,walk
3760,walk
3761,walk
3762,walk
3763,walk
3764,walk
3765,walk
3766,walk
3767,walk
3768,walk
3769,walk
3770,walk
3771,walk
3772,walk
3773,walk
3774,walk
3775,walk
3776,walk
3777,walk
3778,walk
3779,walk
3780,walk
3781,walk
3782,walk
3783,walk
3784,walk
3785,walk
3786,walk
3787,walk
3788,walk
3789,walk
3790,walk
3791,walk
3792,walk
3793,walk
3794,walk
3795,walk
3796,walk
3797,walk
3798,walk
3799,walk
3800,walk
3801,walk
3802,walk
3803,walk
3804,walk
3805,walk
3806,walk
3807,walk
3808,walk
3809,walk
3810,walk
3811,walk
3812,walk
3813,walk
3814,walk
3815,walk
3816,walk
3817,walk
3818,walk
3819,walk
3820,walk
3821,walk
3822,walk
3823,walk
3824,walk
3825,walk
3826,walk
3827,walk
3828,walk
3829,walk
3830,walk
3831,walk
3832,walk
3833,walk
3834,walk
3835,walk
3836,walk
3837,walk
3838,walk
3839,walk
3840,walk
3841,walk
3842,walk
3843,walk
3844,walk
3845,walk
3846,walk
3847,walk
3848,walk
3849,walk
3850,walk
3851,walk
3852,walk
3853,walk
3854,walk
3855,walk
3856,walk
3857,walk
3858,walk
3859,walk
3860,walk
3861,walk
3862,walk
3863,walk
3864,walk
3865,walk
3866,walk
3867,walk
3868,walk
3869,walk
3870,walk
3871,walk
3872,walk
3873,walk
3874,walk
3875,walk
3876,walk
3877,walk
3878,walk
3879,walk
3880,walk
3881,walk
3882,walk
3883,walk
3884,walk
3885,walk
3886,walk
3887,walk
3888,walk
3889,walk
3890,walk
3891,walk
3892,walk
3893,walk
3894,walk
3895,walk
3896,walk
3897,walk
3898,walk
3899,walk
3900,walk
3901,walk
3902,walk
3903,walk
3904,walk
3905,walk
3906,walk
3907,walk
3908,walk
3909,walk
3910,walk
3911,walk
3912,walk
3913,walk
3914,walk
3915,walk
3916,walk
3917,walk
3918,walk
3919,walk
3920,walk
3921,walk
3922,walk
3923,walk
3924,walk
3925,walk
3926,walk
3927,walk
3928,walk
3929,walk
3930,walk
3931,walk
3932,walk
3933,walk
3934,walk
3935,walk
3936,walk
3937,walk
3938,walk
3939,walk
3940,walk
3941,walk
3942,walk
3943,walk
3944,walk
3945,walk
3946,walk
3947,walk
3948,walk
3949,walk
3950,walk
3951,walk
3952,walk
3953,walk
3954,walk
3955,walk
3956,walk
3957,walk
3958,walk
3959,walk
3960,walk
3961,walk
3962,walk
3963,walk
3964,walk
3965,walk
3966,walk
3967,walk
3968,walk
3969,walk
3970,walk
3971,walk
3972,walk
3973,walk
3974,walk
3975,walk
3976,walk
3977,walk
3978,walk
3979,walk
3980,walk
3981,walk
3982,walk
3983,walk
3984,walk
3985,walk
3986,walk
3987,walk
3988,walk
3989,walk
3990,walk
3991,walk
3992,walk
3993,walk
3994,walk
3995,walk
3996,walk
3997,walk
3998,walk
3999,walk
